{
  "localRepoConfigs" : [ {
    "type" : "local",
    "key" : "example-repo-local",
    "packageType" : "generic",
    "baseConfig" : {
      "modelVersion" : 2,
      "description" : "Example artifactory repository",
      "repoLayoutRef" : "simple-default",
      "includesPattern" : ""
    },
    "repoTypeConfig" : {
      "archiveBrowsingEnabled" : false,
      "blackedOut" : false,
      "downloadRedirectConfig" : {
        "enabled" : false
      },
      "propertySetRefs" : [ ],
      "checksumPolicyType" : "client-checksums",
      "priorityResolution" : false,
      "maxUniqueSnapshots" : 0,
      "handleReleases" : true,
      "handleSnapshots" : true,
      "snapshotVersionBehavior" : "unique"
    },
    "packageTypeConfig" : { },
    "securityConfig" : {
      "hideUnauthorizedResources" : false,
      "signedUrlTtl" : 90
    },
    "repoType" : "LOCAL"
  }, {
    "type" : "local",
    "key" : "maven-local-repo",
    "packageType" : "maven",
    "baseConfig" : {
      "modelVersion" : 2,
      "description" : "",
      "notes" : "",
      "repoLayoutRef" : "maven-2-default",
      "includesPattern" : "**/*",
      "excludesPattern" : ""
    },
    "repoTypeConfig" : {
      "archiveBrowsingEnabled" : false,
      "blackedOut" : false,
      "propertySetRefs" : [ ],
      "checksumPolicyType" : "client-checksums",
      "priorityResolution" : false,
      "maxUniqueSnapshots" : 0,
      "handleReleases" : true,
      "handleSnapshots" : true,
      "snapshotVersionBehavior" : "unique"
    },
    "packageTypeConfig" : {
      "suppressPomConsistencyChecks" : "false"
    },
    "securityConfig" : {
      "hideUnauthorizedResources" : false,
      "signedUrlTtl" : 90
    },
    "repoType" : "LOCAL"
  }, {
    "type" : "local",
    "key" : "artifactory-build-info",
    "packageType" : "buildinfo",
    "baseConfig" : {
      "modelVersion" : 2,
      "repoLayoutRef" : "simple-default",
      "includesPattern" : ""
    },
    "repoTypeConfig" : {
      "archiveBrowsingEnabled" : false,
      "blackedOut" : false,
      "downloadRedirectConfig" : {
        "enabled" : false
      },
      "propertySetRefs" : [ ],
      "checksumPolicyType" : "client-checksums",
      "priorityResolution" : false,
      "maxUniqueSnapshots" : 0,
      "handleReleases" : true,
      "handleSnapshots" : true,
      "snapshotVersionBehavior" : "unique"
    },
    "packageTypeConfig" : { },
    "securityConfig" : {
      "hideUnauthorizedResources" : false,
      "signedUrlTtl" : 90
    },
    "repoType" : "LOCAL"
  } ],
  "federatedRepoConfigs" : [ ],
  "releaseBundleRepoConfigs" : [ ],
  "remoteRepoConfigs" : [ {
    "type" : "remote",
    "key" : "spring-enterprise-mvn-remote",
    "packageType" : "maven",
    "baseConfig" : {
      "modelVersion" : 2,
      "description" : "",
      "notes" : "",
      "repoLayoutRef" : "maven-2-default",
      "includesPattern" : "**/*",
      "excludesPattern" : ""
    },
    "repoTypeConfig" : {
      "archiveBrowsingEnabled" : false,
      "blackedOut" : false,
      "propertySetRefs" : [ ],
      "allowAnyHostAuth" : false,
      "blockMismatchingMimeTypes" : true,
      "mismatchingMimeTypesOverrideList" : "",
      "bypassHeadRequests" : false,
      "disableUrlNormalization" : false,
      "enableCookieManagement" : false,
      "enableTokenAuthentication" : false,
      "propagateQueryParams" : false,
      "shareConfiguration" : false,
      "listRemoteFolderItems" : false,
      "synchronizeProperties" : false,
      "contentSynchronisation" : {
        "enabled" : false,
        "statistics" : {
          "enabled" : false
        },
        "properties" : {
          "enabled" : false
        },
        "source" : {
          "originAbsenceDetection" : false
        }
      },
      "disableProxy" : false,
      "storeArtifactsLocally" : true,
      "url" : "https://packages.broadcom.com/artifactory/spring-enterprise",
      "hardFail" : false,
      "offline" : false,
      "retrievalCachePeriodSecs" : 7200,
      "metadataRetrievalTimeoutSecs" : 60,
      "assumedOfflinePeriodSecs" : 300,
      "missedRetrievalCachePeriodSecs" : 1800,
      "checksumPolicyType" : "generate-if-absent",
      "unusedArtifactsCleanupPeriodHours" : 0,
      "socketTimeoutMillis" : 15000,
      "password" : "youraccesstoken",
      "username" : "youremail",
      "priorityResolution" : false,
      "handleReleases" : true,
      "handleSnapshots" : true,
      "sendContext" : false,
      "passThrough" : false,
      "curated" : false,
      "maxUniqueSnapshots" : 0,
      "retrieveSha256FromServer" : false
    },
    "packageTypeConfig" : {
      "fetchSourcesEagerly" : "false",
      "fetchJarsEagerly" : "false",
      "rejectInvalidJars" : "false",
      "suppressPomConsistencyChecks" : "false",
      "p2OriginalUrl" : "https://packages.broadcom.com/artifactory/spring-enterprise"
    },
    "securityConfig" : {
      "hideUnauthorizedResources" : false,
      "signedUrlTtl" : 90
    },
    "repoType" : "REMOTE",
    "proxyDisabled" : false
  }, {
    "type" : "remote",
    "key" : "maven-remote-repo",
    "packageType" : "maven",
    "baseConfig" : {
      "modelVersion" : 2,
      "description" : "",
      "notes" : "",
      "repoLayoutRef" : "maven-2-default",
      "includesPattern" : "**/*",
      "excludesPattern" : ""
    },
    "repoTypeConfig" : {
      "archiveBrowsingEnabled" : false,
      "blackedOut" : false,
      "propertySetRefs" : [ ],
      "allowAnyHostAuth" : false,
      "blockMismatchingMimeTypes" : true,
      "mismatchingMimeTypesOverrideList" : "",
      "bypassHeadRequests" : false,
      "disableUrlNormalization" : false,
      "enableCookieManagement" : false,
      "enableTokenAuthentication" : false,
      "propagateQueryParams" : false,
      "shareConfiguration" : false,
      "listRemoteFolderItems" : false,
      "synchronizeProperties" : false,
      "contentSynchronisation" : {
        "enabled" : false,
        "statistics" : {
          "enabled" : false
        },
        "properties" : {
          "enabled" : false
        },
        "source" : {
          "originAbsenceDetection" : false
        }
      },
      "disableProxy" : false,
      "storeArtifactsLocally" : true,
      "url" : "https://repo1.maven.org/maven2/",
      "hardFail" : false,
      "offline" : false,
      "retrievalCachePeriodSecs" : 7200,
      "metadataRetrievalTimeoutSecs" : 60,
      "assumedOfflinePeriodSecs" : 300,
      "missedRetrievalCachePeriodSecs" : 1800,
      "checksumPolicyType" : "generate-if-absent",
      "unusedArtifactsCleanupPeriodHours" : 0,
      "socketTimeoutMillis" : 15000,
      "priorityResolution" : false,
      "handleReleases" : true,
      "handleSnapshots" : true,
      "sendContext" : false,
      "passThrough" : false,
      "curated" : false,
      "maxUniqueSnapshots" : 0,
      "retrieveSha256FromServer" : false
    },
    "packageTypeConfig" : {
      "fetchSourcesEagerly" : "false",
      "fetchJarsEagerly" : "false",
      "rejectInvalidJars" : "false",
      "suppressPomConsistencyChecks" : "false",
      "p2OriginalUrl" : "https://repo1.maven.org/maven2/"
    },
    "securityConfig" : {
      "hideUnauthorizedResources" : false,
      "signedUrlTtl" : 90
    },
    "repoType" : "REMOTE",
    "proxyDisabled" : false
  } ],
  "virtualRepoConfigs" : [ {
    "type" : "virtual",
    "key" : "maven-virtual-repo",
    "packageType" : "maven",
    "baseConfig" : {
      "modelVersion" : 2,
      "description" : "",
      "notes" : "",
      "repoLayoutRef" : "maven-2-default",
      "includesPattern" : "**/*",
      "excludesPattern" : ""
    },
    "repoTypeConfig" : {
      "artifactoryRequestsCanRetrieveRemoteArtifacts" : false,
      "virtualCacheConfig" : {
        "virtualRetrievalCachePeriodSecs" : 600
      },
      "repositoryRefs" : [ "maven-local-repo", "maven-remote-repo", "spring-enterprise-mvn-remote" ]
    },
    "packageTypeConfig" : {
      "forceMavenAuthentication" : "false",
      "pomRepositoryReferencesCleanupPolicy" : "discard_active_reference"
    },
    "securityConfig" : {
      "hideUnauthorizedResources" : false,
      "signedUrlTtl" : 90
    },
    "repoType" : "VIRTUAL"
  } ]
}