<?xml version="1.0" encoding="UTF-8" standalone="yes"?>
<config xmlns="http://artifactory.jfrog.org/xsd/3.4.0" xmlns:xsi="http://www.w3.org/2001/XMLSchema-instance" xsi:schemaLocation="https://releases.jfrog.io/artifactory/static-release-virtual/xsd/artifactory/artifactory-v3_4_0.xsd">
    <repositoriesGeneralConfig>
        <helm>
            <forceOciFirstUiFlow>true</forceOciFirstUiFlow>
        </helm>
    </repositoriesGeneralConfig>
    <forceNativeDbLocksMechanismInAutoMode>false</forceNativeDbLocksMechanismInAutoMode>
    <useOnlyTokenForIdentifyingXrayUser>true</useOnlyTokenForIdentifyingXrayUser>
    <offlineMode>false</offlineMode>
    <archiveIndexEnabled>false</archiveIndexEnabled>
    <fileUploadMaxSizeMb>100</fileUploadMaxSizeMb>
    <revision>1</revision>
    <addons>
        <showAddonsInfo>true</showAddonsInfo>
        <showAddonsInfoCookie>1734492190165</showAddonsInfoCookie>
    </addons>
    <security>
        <hideUnauthorizedResources>false</hideUnauthorizedResources>
        <passwordSettings>
            <expirationPolicy>
                <enabled>false</enabled>
                <passwordMaxAge>60</passwordMaxAge>
                <notifyByEmail>true</notifyByEmail>
            </expirationPolicy>
            <resetPolicy>
                <enabled>true</enabled>
                <maxAttemptsPerAddress>3</maxAttemptsPerAddress>
                <timeToBlockInMinutes>60</timeToBlockInMinutes>
            </resetPolicy>
        </passwordSettings>
        <buildGlobalBasicReadAllowed>false</buildGlobalBasicReadAllowed>
        <buildGlobalBasicReadForAnonymous>false</buildGlobalBasicReadForAnonymous>
    </security>
    <backups>
        <backup>
            <key>backup-daily</key>
            <enabled>true</enabled>
            <cronExp>0 0 2 ? * MON-FRI</cronExp>
            <retentionPeriodHours>0</retentionPeriodHours>
            <createArchive>false</createArchive>
            <excludedRepositories/>
            <sendMailOnError>true</sendMailOnError>
            <excludeNewRepositories>false</excludeNewRepositories>
            <precalculate>false</precalculate>
            <exportMissionControl>false</exportMissionControl>
        </backup>
        <backup>
            <key>backup-weekly</key>
            <enabled>false</enabled>
            <cronExp>0 0 2 ? * SAT</cronExp>
            <retentionPeriodHours>336</retentionPeriodHours>
            <createArchive>false</createArchive>
            <excludedRepositories/>
            <sendMailOnError>true</sendMailOnError>
            <excludeNewRepositories>false</excludeNewRepositories>
            <precalculate>false</precalculate>
            <exportMissionControl>false</exportMissionControl>
        </backup>
    </backups>
    <indexer>
        <enabled>false</enabled>
        <cronExp>0 23 5 * * ?</cronExp>
    </indexer>
    <localRepositories/>
    <remoteRepositories/>
    <virtualRepositories/>
    <federatedRepositories/>
    <releaseBundlesRepositories/>
    <proxies/>
    <reverseProxies/>
    <propertySets/>
    <systemProperties/>
    <repoLayouts>
        <repoLayout>
            <name>maven-2-default</name>
            <artifactPathPattern>[orgPath]/[module]/[baseRev](-[folderItegRev])/[module]-[baseRev](-[fileItegRev])(-[classifier]).[ext]</artifactPathPattern>
            <distinctiveDescriptorPathPattern>true</distinctiveDescriptorPathPattern>
            <descriptorPathPattern>[orgPath]/[module]/[baseRev](-[folderItegRev])/[module]-[baseRev](-[fileItegRev])(-[classifier]).pom</descriptorPathPattern>
            <folderIntegrationRevisionRegExp>SNAPSHOT</folderIntegrationRevisionRegExp>
            <fileIntegrationRevisionRegExp>SNAPSHOT|(?:(?:[0-9]{8}.[0-9]{6})-(?:[0-9]+))</fileIntegrationRevisionRegExp>
        </repoLayout>
        <repoLayout>
            <name>ivy-default</name>
            <artifactPathPattern>[org]/[module]/[baseRev](-[folderItegRev])/[type]s/[module](-[classifier])-[baseRev](-[fileItegRev]).[ext]</artifactPathPattern>
            <distinctiveDescriptorPathPattern>true</distinctiveDescriptorPathPattern>
            <descriptorPathPattern>[org]/[module]/[baseRev](-[folderItegRev])/[type]s/ivy-[baseRev](-[fileItegRev]).xml</descriptorPathPattern>
            <folderIntegrationRevisionRegExp>\d{14}</folderIntegrationRevisionRegExp>
            <fileIntegrationRevisionRegExp>\d{14}</fileIntegrationRevisionRegExp>
        </repoLayout>
        <repoLayout>
            <name>maven-1-default</name>
            <artifactPathPattern>[org]/[type]s/[module]-[baseRev](-[fileItegRev])(-[classifier]).[ext]</artifactPathPattern>
            <distinctiveDescriptorPathPattern>true</distinctiveDescriptorPathPattern>
            <descriptorPathPattern>[org]/[type]s/[module]-[baseRev](-[fileItegRev]).pom</descriptorPathPattern>
            <folderIntegrationRevisionRegExp>.+</folderIntegrationRevisionRegExp>
            <fileIntegrationRevisionRegExp>.+</fileIntegrationRevisionRegExp>
        </repoLayout>
        <repoLayout>
            <name>nuget-default</name>
            <artifactPathPattern>[orgPath]/[module]/[module].[baseRev](-[fileItegRev]).nupkg</artifactPathPattern>
            <distinctiveDescriptorPathPattern>false</distinctiveDescriptorPathPattern>
            <folderIntegrationRevisionRegExp>.*</folderIntegrationRevisionRegExp>
            <fileIntegrationRevisionRegExp>.*</fileIntegrationRevisionRegExp>
        </repoLayout>
        <repoLayout>
            <name>npm-default</name>
            <artifactPathPattern>[orgPath]/-/[module]-[baseRev](-[fileItegRev]).tgz</artifactPathPattern>
            <distinctiveDescriptorPathPattern>false</distinctiveDescriptorPathPattern>
            <folderIntegrationRevisionRegExp>.*</folderIntegrationRevisionRegExp>
            <fileIntegrationRevisionRegExp>.*</fileIntegrationRevisionRegExp>
        </repoLayout>
        <repoLayout>
            <name>bower-default</name>
            <artifactPathPattern>[orgPath]/[module]/[module]-[baseRev](-[fileItegRev]).[ext]</artifactPathPattern>
            <distinctiveDescriptorPathPattern>false</distinctiveDescriptorPathPattern>
            <folderIntegrationRevisionRegExp>.*</folderIntegrationRevisionRegExp>
            <fileIntegrationRevisionRegExp>.*</fileIntegrationRevisionRegExp>
        </repoLayout>
        <repoLayout>
            <name>vcs-default</name>
            <artifactPathPattern>[orgPath]/[module]/[refs&lt;tags|branches&gt;]/[baseRev]/[module]-[baseRev](-[fileItegRev])(-[classifier]).[ext]</artifactPathPattern>
            <distinctiveDescriptorPathPattern>false</distinctiveDescriptorPathPattern>
            <folderIntegrationRevisionRegExp>.*</folderIntegrationRevisionRegExp>
            <fileIntegrationRevisionRegExp>[a-zA-Z0-9]{40}</fileIntegrationRevisionRegExp>
        </repoLayout>
        <repoLayout>
            <name>sbt-default</name>
            <artifactPathPattern>[org]/[module]/(scala_[scalaVersion&lt;.+&gt;])/(sbt_[sbtVersion&lt;.+&gt;])/[baseRev]/[type]s/[module](-[classifier]).[ext]</artifactPathPattern>
            <distinctiveDescriptorPathPattern>true</distinctiveDescriptorPathPattern>
            <descriptorPathPattern>[org]/[module]/(scala_[scalaVersion&lt;.+&gt;])/(sbt_[sbtVersion&lt;.+&gt;])/[baseRev]/[type]s/ivy.xml</descriptorPathPattern>
            <folderIntegrationRevisionRegExp>\d{14}</folderIntegrationRevisionRegExp>
            <fileIntegrationRevisionRegExp>\d{14}</fileIntegrationRevisionRegExp>
        </repoLayout>
        <repoLayout>
            <name>simple-default</name>
            <artifactPathPattern>[orgPath]/[module]/[module]-[baseRev].[ext]</artifactPathPattern>
            <distinctiveDescriptorPathPattern>false</distinctiveDescriptorPathPattern>
            <folderIntegrationRevisionRegExp>.*</folderIntegrationRevisionRegExp>
            <fileIntegrationRevisionRegExp>.*</fileIntegrationRevisionRegExp>
        </repoLayout>
        <repoLayout>
            <name>cargo-default</name>
            <artifactPathPattern>crates/[module]/[module]-[baseRev].[ext]</artifactPathPattern>
            <distinctiveDescriptorPathPattern>false</distinctiveDescriptorPathPattern>
            <folderIntegrationRevisionRegExp>.*</folderIntegrationRevisionRegExp>
            <fileIntegrationRevisionRegExp>.*</fileIntegrationRevisionRegExp>
        </repoLayout>
        <repoLayout>
            <name>composer-default</name>
            <artifactPathPattern>[orgPath]/[module]/[module]-[baseRev](-[fileItegRev]).[ext]</artifactPathPattern>
            <distinctiveDescriptorPathPattern>false</distinctiveDescriptorPathPattern>
            <folderIntegrationRevisionRegExp>.*</folderIntegrationRevisionRegExp>
            <fileIntegrationRevisionRegExp>.*</fileIntegrationRevisionRegExp>
        </repoLayout>
        <repoLayout>
            <name>conan-default</name>
            <artifactPathPattern>[org]/[module]/[baseRev]/[channel&lt;[^/]+&gt;]/[folderItegRev]/(package/[package_id&lt;[^/]+&gt;]/[fileItegRev]/)[remainder&lt;(?:.+)&gt;]</artifactPathPattern>
            <distinctiveDescriptorPathPattern>false</distinctiveDescriptorPathPattern>
            <folderIntegrationRevisionRegExp>[^/]+</folderIntegrationRevisionRegExp>
            <fileIntegrationRevisionRegExp>[^/]+</fileIntegrationRevisionRegExp>
        </repoLayout>
        <repoLayout>
            <name>puppet-default</name>
            <artifactPathPattern>[orgPath]/[module]/[orgPath]-[module]-[baseRev].tar.gz</artifactPathPattern>
            <distinctiveDescriptorPathPattern>false</distinctiveDescriptorPathPattern>
            <folderIntegrationRevisionRegExp>.*</folderIntegrationRevisionRegExp>
            <fileIntegrationRevisionRegExp>.*</fileIntegrationRevisionRegExp>
        </repoLayout>
        <repoLayout>
            <name>go-default</name>
            <artifactPathPattern>[orgPath]/[module]/@v/v[baseRev](-[fileItegRev]).[ext]</artifactPathPattern>
            <distinctiveDescriptorPathPattern>false</distinctiveDescriptorPathPattern>
            <folderIntegrationRevisionRegExp>.*</folderIntegrationRevisionRegExp>
            <fileIntegrationRevisionRegExp>.*</fileIntegrationRevisionRegExp>
        </repoLayout>
        <repoLayout>
            <name>build-default</name>
            <artifactPathPattern>[orgPath]/[module](-[fileItegRev]).[ext]</artifactPathPattern>
            <distinctiveDescriptorPathPattern>false</distinctiveDescriptorPathPattern>
            <folderIntegrationRevisionRegExp>.*</folderIntegrationRevisionRegExp>
            <fileIntegrationRevisionRegExp>.*</fileIntegrationRevisionRegExp>
        </repoLayout>
        <repoLayout>
            <name>terraform-module-default</name>
            <artifactPathPattern>[namespace]/[module-name]/[provider]/[version].[ext]</artifactPathPattern>
            <distinctiveDescriptorPathPattern>false</distinctiveDescriptorPathPattern>
            <folderIntegrationRevisionRegExp>.*</folderIntegrationRevisionRegExp>
            <fileIntegrationRevisionRegExp>.*</fileIntegrationRevisionRegExp>
        </repoLayout>
        <repoLayout>
            <name>terraform-provider-default</name>
            <artifactPathPattern>
                [namespace]/[provider-name]/[version]/terraform-provider-[provider-name]_[version]_[os]_[arch].[ext]
            </artifactPathPattern>
            <distinctiveDescriptorPathPattern>false</distinctiveDescriptorPathPattern>
            <folderIntegrationRevisionRegExp>.*</folderIntegrationRevisionRegExp>
            <fileIntegrationRevisionRegExp>.*</fileIntegrationRevisionRegExp>
        </repoLayout>
        <repoLayout>
            <name>swift-default</name>
            <artifactPathPattern>[scope]/[name]/[name]-[version].zip</artifactPathPattern>
            <distinctiveDescriptorPathPattern>false</distinctiveDescriptorPathPattern>
            <folderIntegrationRevisionRegExp>.*</folderIntegrationRevisionRegExp>
            <fileIntegrationRevisionRegExp>.*</fileIntegrationRevisionRegExp>
        </repoLayout>
        <repoLayout>
            <name>ansible-default</name>
            <artifactPathPattern>collections/[namespace]/[name]/[version]/[namespace]-[name]-[version].tar.gz</artifactPathPattern>
            <distinctiveDescriptorPathPattern>false</distinctiveDescriptorPathPattern>
            <folderIntegrationRevisionRegExp>.*</folderIntegrationRevisionRegExp>
            <fileIntegrationRevisionRegExp>.*</fileIntegrationRevisionRegExp>
        </repoLayout>
    </repoLayouts>
    <remoteReplications/>
    <localReplications/>
    <gcConfig>
        <cronExp>0 0 /4 * * ?</cronExp>
    </gcConfig>
    <cleanupConfig>
        <cronExp>0 12 5 * * ?</cronExp>
    </cleanupConfig>
    <virtualCacheCleanupConfig>
        <cronExp>0 12 0 * * ?</cronExp>
    </virtualCacheCleanupConfig>
    <folderDownloadConfig>
        <enabled>false</enabled>
        <enabledForAnonymous>false</enabledForAnonymous>
        <maxDownloadSizeMb>1024</maxDownloadSizeMb>
        <maxFiles>5000</maxFiles>
        <maxConcurrentRequests>10</maxConcurrentRequests>
        <enabledEmptyDirectories>false</enabledEmptyDirectories>
    </folderDownloadConfig>
    <trashcanConfig>
        <enabled>true</enabled>
        <allowPermDeletes>false</allowPermDeletes>
        <retentionPeriodDays>14</retentionPeriodDays>
    </trashcanConfig>
    <itemsBrowserPagingSize>500</itemsBrowserPagingSize>
    <replicationsConfig>
        <blockPushReplications>false</blockPushReplications>
        <blockPullReplications>false</blockPullReplications>
    </replicationsConfig>
    <sumoLogicConfig>
        <enabled>false</enabled>
    </sumoLogicConfig>
    <releaseBundlesConfig>
        <incompleteCleanupPeriodHours>720</incompleteCleanupPeriodHours>
    </releaseBundlesConfig>
    <signedUrlConfig>
        <maxValidForSeconds>31536000</maxValidForSeconds>
    </signedUrlConfig>
    <downloadRedirectConfig>
        <fileMinimumSize>1</fileMinimumSize>
    </downloadRedirectConfig>
    <keyPairs/>
    <retentionSettings>
        <retentionPolicies/>
    </retentionSettings>
    <authentication>
        <tokens/>
    </authentication>
</config>
