{"localRepoConfigs":[{"type":"local","key":"example-repo-local","packageType":"generic","baseConfig":{"modelVersion":2,"description":"Example artifactory repository","repoLayoutRef":"simple-default","includesPattern":""},"repoTypeConfig":{"archiveBrowsingEnabled":false,"blackedOut":false,"downloadRedirectConfig":{"enabled":false},"propertySetRefs":[],"checksumPolicyType":"client-checksums","priorityResolution":false,"maxUniqueSnapshots":0,"handleReleases":true,"handleSnapshots":true,"snapshotVersionBehavior":"unique"},"packageTypeConfig":{},"securityConfig":{"hideUnauthorizedResources":false,"signedUrlTtl":90},"repoType":"LOCAL"},{"type":"local","key":"artifactory-build-info","packageType":"buildinfo","baseConfig":{"modelVersion":2,"repoLayoutRef":"simple-default","includesPattern":""},"repoTypeConfig":{"archiveBrowsingEnabled":false,"blackedOut":false,"downloadRedirectConfig":{"enabled":false},"propertySetRefs":[],"checksumPolicyType":"client-checksums","priorityResolution":false,"maxUniqueSnapshots":0,"handleReleases":true,"handleSnapshots":true,"snapshotVersionBehavior":"unique"},"packageTypeConfig":{},"securityConfig":{"hideUnauthorizedResources":false,"signedUrlTtl":90},"repoType":"LOCAL"}],"federatedRepoConfigs":[],"releaseBundleRepoConfigs":[],"remoteRepoConfigs":[],"virtualRepoConfigs":[]}